rank,name,score,uncertainty,style,usage,confidence,danbooru_status,danbooru_name,danbooru_other_names,danbooru_url
"1","@mozukuzu (manukedori)","43","±2","柔和日系、细腻线稿、轻透明上色","少女、东方系、清爽角色图","medium","matched","mozukuzu_(manukedori)","chidoriashi; girimochi; manukedori; mikm; mo_(manukedori); mozu_zuku; mozukuzu; mozuzuzu; mzkzmm; ぎりもち; ちどりあし; も; もずくず; もずずく; もずずず","https://danbooru.donmai.us/artists/32011"
"2","@ibuki satsuki","42","±3","华丽幻想、精细服饰、东方奇幻色彩","古风、幻想角色、精美立绘","high","matched","ibuki_satsuki","guaimao1; washanapple; 东南见月; 伊吹五月; 伊吹鸡腿子; 摸鱼斋; 饼饼大战贰狗叽","https://danbooru.donmai.us/artists/285433"
"3","@kuinji 51go","41","±3","高完成度日系角色、清晰线稿、稳定上色","默认泛用、角色立绘、头像、同人插画","medium","matched","kuinji_51go","九韻寺51号; g-q-no51","https://danbooru.donmai.us/artists/44993"
"4","@hjl","41","±3","高完成度日系角色、清晰线稿、稳定上色","默认泛用、角色立绘、头像、同人插画","medium","matched","hjl","HJL的陨落中年; [moe_shoujo_ryouiki_(shiru)]; garlic_huang; hjl2010; hjlgarlic; shiru; 汁","https://danbooru.donmai.us/artists/61717"
"5","@kagoya1219","41","±3","高完成度日系角色、清晰线稿、稳定上色","默认泛用、角色立绘、头像、同人插画","medium","matched","kagoya1219","kagoya1219; osarunokagoya; おさるのかごや","https://danbooru.donmai.us/artists/258753"
"6","@dizi930","40","±3","高完成度日系角色、清晰线稿、稳定上色","默认泛用、角色立绘、头像、同人插画","medium","matched","dizi930","chidaoyuehui; diesel; diesel2b; 占用昵称用; 持刀约会专家; 敌; 旳; 旳--; 旳---; 艺用老头解剖; 豪雪-","https://danbooru.donmai.us/artists/96980"
"7","@navy (navy.blue)","39","±3","清爽蓝调、细腻日系、柔和光影","清新少女、校园、夏日感","medium","matched","navy_(navy.blue)","g-wara; g_wr3; navy; navy.blue126; navy_126; navy_312; neibi; temari_cat; temari_kyatto; ねいび; 爺わら","https://danbooru.donmai.us/artists/100931"
"8","@minowa sukyaru","39","±2","高完成度日系角色、清晰线稿、稳定上色","默认泛用、角色立绘、头像、同人插画","medium","matched","minowa_sukyaru","furuyataku; orange_storm; skyaru; sukyaru; sukyaru0; sukyaru_; sukyarun; sukyarun-p; sukyarup; すきゃる; すきゃるんp; 三ノ輪すきゃる; 三ノ輪すきゃる🦊; 三ノ輪すきゃる🦊🎨🔞; 炙りくれいもあ","https://danbooru.donmai.us/artists/106872"
"9","@gogalking","39","±3","高完成度日系角色、清晰线稿、稳定上色","默认泛用、角色立绘、头像、同人插画","medium","matched","gogalking","march1638; marich1217","https://danbooru.donmai.us/artists/194706"
"10","@ppap (11zhakdpek19)","39","±3","高完成度日系角色、清晰线稿、稳定上色","默认泛用、角色立绘、头像、同人插画","medium","matched","ppap_(11zhakdpek19)","빱","https://danbooru.donmai.us/artists/220357"
"11","@ningen mame","39","±2","萌系日系、圆润可爱、明亮柔和","萌系少女、头像、日常、小清新","medium","matched","ningen_mame","にんげんまめ","https://danbooru.donmai.us/artists/230123"
"12","@ouhara lolong","39","±3","高完成度日系角色、清晰线稿、稳定上色","默认泛用、角色立绘、头像、同人插画","medium","matched","ouhara_lolong","roron34; vani32; 大原ロロン; 大原ロロン/メイド4巻とドラマcd発売中","https://danbooru.donmai.us/artists/111289"
"13","@yue (shemika98425261)","38","±2","华语圈日系插画、细腻上色、角色向","少女、古风/幻想、头像、角色立绘","medium","matched","yue_(shemika98425261)","-Yue-; Shemika98425261; yue62170; yueYuE; 玥yue; 玥yue1; 玥yueY","https://danbooru.donmai.us/artists/260061"
"14","@quasarcake","38","±2","高完成度日系角色、清晰线稿、稳定上色","默认泛用、角色立绘、头像、同人插画","medium","matched","quasarcake","🌌; QUASARCAKE; Glansi; ceciliakaf","https://danbooru.donmai.us/artists/241140"
"15","@ixy","37","±3","明亮可爱、干净线稿、萌系高辨识度","萌系、偶像、轻快商业插画","high","matched","ixy","ixy__194; ixy（いくしー）; uchpftzszxxbc2whb9vwahpg; いくしー; ｉｘｙ（いくしー）","https://danbooru.donmai.us/artists/4758"
"16","@dorontabi","37","±3","高完成度日系角色、清晰线稿、稳定上色","默认泛用、角色立绘、头像、同人插画","medium","matched","dorontabi","Mammoth; agbdrhr5325ntf3; guramisan; mammos; mammos__; mammoth9878; tyrryty; ぐらみさん; ドロンタビ; マンモス; 海鮮丼怪人","https://danbooru.donmai.us/artists/207254"
"17","@cofffee","37","±4","高完成度日系角色、清晰线稿、稳定上色","默认泛用、角色立绘、头像、同人插画","medium","matched","cofffee","ffffcoffee; save_scenes; sepia; save_scene_a; savescene_u","https://danbooru.donmai.us/artists/224114"
"18","@asutora","37","±3","高完成度日系角色、清晰线稿、稳定上色","默认泛用、角色立绘、头像、同人插画","medium","matched","asutora","anterdel; astra; astra_(satsuki_tourou); あすとら","https://danbooru.donmai.us/artists/74532"
"19","@toucailao","36","±3","高完成度日系角色、清晰线稿、稳定上色","默认泛用、角色立绘、头像、同人插画","low","not_found","","",""
"20","@machiko (beard)","36","±3","高完成度日系角色、清晰线稿、稳定上色","默认泛用、角色立绘、头像、同人插画","medium","matched","machiko_(beard)","machiko; matyinging; まちこ; まてぃこ","https://danbooru.donmai.us/artists/12575"
"21","@herio","36","±3","高完成度日系角色、清晰线稿、稳定上色","默认泛用、角色立绘、头像、同人插画","medium","matched","herio","haraheri-dou; haraheridou; herioscope; heriwo_(haraheridou); ヘリを","https://danbooru.donmai.us/artists/47177"
"22","@mi (pic52pic)","36","±3","高完成度日系角色、清晰线稿、稳定上色","默认泛用、角色立绘、头像、同人插画","medium","matched","mi_(pic52pic)","KRssk25; kr; kuruture_; み‏","https://danbooru.donmai.us/artists/159160"
"23","@donguri suzume","36","±3","高完成度日系角色、清晰线稿、稳定上色","默认泛用、角色立绘、头像、同人插画","medium","matched","donguri_suzume","donguri-suzume0; donguri_neko0; donguri_suzume0; dongurisuzume; yurusaren; 。; 〜◯; ユルサレン反省; 我慢汁","https://danbooru.donmai.us/artists/149062"
"24","@jyt","36","±3","高完成度日系角色、清晰线稿、稳定上色","默认泛用、角色立绘、头像、同人插画","medium","matched","jyt","ECYJYT; JYT; jue_yuan_ti; 二次元绝缘体; 萌萌人","https://danbooru.donmai.us/artists/131418"
"25","@gaston18","36","±3","高完成度日系角色、清晰线稿、稳定上色","默认泛用、角色立绘、头像、同人插画","medium","matched","gaston18","Gaston18; Gaston18P; gastonandresl","https://danbooru.donmai.us/artists/100381"
"26","@c.honey","35","±3","萌系日系、圆润可爱、明亮柔和","萌系少女、头像、日常、小清新","medium","matched","c.honey","choney","https://danbooru.donmai.us/artists/146428"
"27","@gsusart","35","±3","高完成度日系角色、清晰线稿、稳定上色","默认泛用、角色立绘、头像、同人插画","medium","matched","gsusart","GSUS; Gsusart2222","https://danbooru.donmai.us/artists/295680"
"28","@fushirun rung","35","±3","高完成度日系角色、清晰线稿、稳定上色","默认泛用、角色立绘、头像、同人插画","medium","matched","fushirun_rung","른릉/엽서북_제작중📗🔥; fushirun_rung","https://danbooru.donmai.us/artists/285922"
"29","@krekkov","35","±3","高完成度日系角色、清晰线稿、稳定上色","默认泛用、角色立绘、头像、同人插画","medium","matched","krekkov","CEO_of_CUM; krekk0v; totally_not_krek_","https://danbooru.donmai.us/artists/191623"
"30","@inaeda kei","35","±3","高完成度日系角色、清晰线稿、稳定上色","默认泛用、角色立绘、头像、同人插画","low","not_found","","",""
"31","@inu totemo","35","±3","高完成度日系角色、清晰线稿、稳定上色","默认泛用、角色立绘、头像、同人插画","low","not_found","","",""
"32","@k00s","35","±3","高完成度日系角色、清晰线稿、稳定上色","默认泛用、角色立绘、头像、同人插画","medium","matched","k00s","","https://danbooru.donmai.us/artists/236340"
"33","@yogisya","35","±3","高完成度日系角色、清晰线稿、稳定上色","默认泛用、角色立绘、头像、同人插画","medium","matched","yogisya","YOGISYA; yogimemo; yogisha; yogisyamemo; yogisya🎨; 夜汽車","https://danbooru.donmai.us/artists/46568"
"34","@renge (730)","34","±3","高完成度日系角色、清晰线稿、稳定上色","默认泛用、角色立绘、头像、同人插画","medium","matched","renge_(730)","Dizzygame5; kingudejii; キングでじーskeb募集中; レンゲ","https://danbooru.donmai.us/artists/258740"
"35","@hamao","34","±3","高完成度日系角色、清晰线稿、稳定上色","默认泛用、角色立绘、头像、同人插画","medium","matched","hamao","fl2nd; freelife800; hamao-freelife; hamao_freelife; hn","https://danbooru.donmai.us/artists/7961"
"36","@ushimittsu","34","±3","高完成度日系角色、清晰线稿、稳定上色","默认泛用、角色立绘、头像、同人插画","medium","matched","ushimittsu","ウシミッツ","https://danbooru.donmai.us/artists/190286"
"37","@hoshino ouka","34","±3","高完成度日系角色、清晰线稿、稳定上色","默认泛用、角色立绘、头像、同人插画","medium","matched","hoshino_ouka","hoshino; hoshinoouka; koromo-ya; koromoya; ホシノ; ホシノオウカ; 衣屋","https://danbooru.donmai.us/artists/90279"
"38","@tsumeki","34","±3","高完成度日系角色、清晰线稿、稳定上色","默认泛用、角色立绘、头像、同人插画","medium","matched","tsumeki","tsumeki_kou; tumeki; tumeki_kou; 詰め木","https://danbooru.donmai.us/artists/193006"
"39","@wulazula","34","±3","高完成度日系角色、清晰线稿、稳定上色","默认泛用、角色立绘、头像、同人插画","medium","matched","wulazula","うらずら; 呜拉祖啦","https://danbooru.donmai.us/artists/130191"
"40","@temu (temp mumu)","34","±3","高完成度日系角色、清晰线稿、稳定上色","默认泛用、角色立绘、头像、同人插画","medium","matched","temu_(temp_mumu)","temu; temp_mumu","https://danbooru.donmai.us/artists/440371"
"41","@suenari (peace)","34","±3","高完成度日系角色、清晰线稿、稳定上色","默认泛用、角色立绘、头像、同人插画","medium","matched","suenari_(peace)","末成; suenari; suenari_(peace007); hexenccm; koga_nari; peace007; ura__nari","https://danbooru.donmai.us/artists/87564"
"42","@sempon (doppio note)","34","±3","高完成度日系角色、清晰线稿、稳定上色","默认泛用、角色立绘、头像、同人插画","medium","matched","sempon_(doppio_note)","76pov0; Hardboiled_Lily; NoGIOatFlorida; Rainbow_Hakase; WrongItsBuster; anti_rollgin; chandelier-glass; doppio_note; rainbowpowder19; sahra3721; smg; xxxxinthetrap; セムポン; 공장장; 셈퐁; 역사왜곡학자","https://danbooru.donmai.us/artists/144522"
"43","@ken'ichi (ken1ro u)","34","±3","高完成度日系角色、清晰线稿、稳定上色","默认泛用、角色立绘、头像、同人插画","medium","matched","kenichi","","https://danbooru.donmai.us/artists/493797"
"44","@nao (syn eaa)","34","±3","高完成度日系角色、清晰线稿、稳定上色","默认泛用、角色立绘、头像、同人插画","medium","matched","nao_(syn_eaa)","seyana; せやな; 那桜","https://danbooru.donmai.us/artists/143840"
"45","@gale kawaii","34","±3","萌系日系、圆润可爱、明亮柔和","萌系少女、头像、日常、小清新","medium","matched","gale_kawaii","gale_(umekurage); kotanu; kotanuki-329; kotanuki_(kotanuki_329); kotanuki_(kotanukiya); kotanuki_329; kotanukiya; げぃる; こたぬ; たぬ家; ゲイル; 湖狸; 湖狸家","https://danbooru.donmai.us/artists/117936"
"46","@yutamaro","34","±3","高完成度日系角色、清晰线稿、稳定上色","默认泛用、角色立绘、头像、同人插画","medium","matched","yutamaro","u-ta0403; yutamaro43; ゆたまろ","https://danbooru.donmai.us/artists/60799"
"47","@28 (282teeth)","34","±3","高完成度日系角色、清晰线稿、稳定上色","默认泛用、角色立绘、头像、同人插画","medium","matched","28_(282teeth)","28; 애니멀_아카이브","https://danbooru.donmai.us/artists/263710"
"48","@shiwo (siwosi)","34","±3","高完成度日系角色、清晰线稿、稳定上色","默认泛用、角色立绘、头像、同人插画","medium","matched","shiwo_(siwosi)","しを; shiwo; siwosi","https://danbooru.donmai.us/artists/102636"
"49","@natsu (rodysanp)","34","±3","高完成度日系角色、清晰线稿、稳定上色","默认泛用、角色立绘、头像、同人插画","medium","matched","natsu_(rodysanp)","rodysanp; summer-k-rody-san","https://danbooru.donmai.us/artists/217500"
"50","@die (die0118)","34","±3","高完成度日系角色、清晰线稿、稳定上色","默认泛用、角色立绘、头像、同人插画","low","not_found","","",""
"51","@uenomigi","33","±3","高完成度日系角色、清晰线稿、稳定上色","默认泛用、角色立绘、头像、同人插画","medium","matched","uenomigi","Michiranu; shitano_hidari; uenomigi; うえのみぎ; みしらぬ","https://danbooru.donmai.us/artists/265090"
"52","@iroiro yaru hito","33","±3","高完成度日系角色、清晰线稿、稳定上色","默认泛用、角色立绘、头像、同人插画","medium","matched","iroiro_yaru_hito","nigatsu_(ring_09); pon_pon_black; ring_09; いろいろやる人; にがつ; ポンポンブラック","https://danbooru.donmai.us/artists/110508"
"53","@tima","33","±3","高完成度日系角色、清晰线稿、稳定上色","默认泛用、角色立绘、头像、同人插画","medium","matched","tima","no_tima; no_tima_; notima; tdotm; tima_Ayo; timadeath; ちぃま; 티마","https://danbooru.donmai.us/artists/16553"
"54","@nakareki","33","±4","高完成度日系角色、清晰线稿、稳定上色","默认泛用、角色立绘、头像、同人插画","medium","matched","nakareki","nakareki_20; なかれき","https://danbooru.donmai.us/artists/127502"
"55","@reki (user rcrd4534)","33","±3","高完成度日系角色、清晰线稿、稳定上色","默认泛用、角色立绘、头像、同人插画","low","not_found","","",""
"56","@nahanmin","33","±3","高完成度日系角色、清晰线稿、稳定上色","默认泛用、角色立绘、头像、同人插画","medium","matched","nahanmin","meruna; meruna7; 메루나; naha07455336","https://danbooru.donmai.us/artists/186724"
"57","@mignon","33","±3","精致美少女、柔光、皮肤质感强","美少女、头像、商业插画","high","matched","mignon","mignon_hamaguri; minyon; schmooz; schmooze; ミニョン","https://danbooru.donmai.us/artists/25424"
"58","@vanripper","33","±3","扁平漫画感、粗线条、黑白红强对比","漫画角色、表情、风格化角色","high","matched","vanripper","jaer; piskorz; vanripper17; vanripperart; Łukasz; Łukasz_Piskorz","https://danbooru.donmai.us/artists/204663"
"59","@speedl00ver","33","±3","高完成度日系角色、清晰线稿、稳定上色","默认泛用、角色立绘、头像、同人插画","medium","matched","speedl00ver","B00ySpeedy; SpeedL00ver","https://danbooru.donmai.us/artists/275461"
"60","@wada arco","33","±3","鲜艳扁平、装饰性强、Fate 系辨识度","游戏角色、明快主视觉、夸张表情","high","matched","wada_arco","rco_wada; tsubuanfes; wadarco; ワダアルコ; wada_aruko; wadamemo; ワダメモ","https://danbooru.donmai.us/artists/7260"
"61","@raikoart","33","±3","高完成度日系角色、清晰线稿、稳定上色","默认泛用、角色立绘、头像、同人插画","medium","matched","raikoart","RaikoSeanTay; raiko; raiko-art; sean_tay; ライコ","https://danbooru.donmai.us/artists/122637"
"62","@lingyi","33","±3","华语圈日系插画、细腻上色、角色向","少女、古风/幻想、头像、角色立绘","medium","matched","lingyi","2509140094; ryouichi_(yanjukaoe); yanjukaoe; yingli; 凌一; 狗塑手艺人; 盐焗烤鹅","https://danbooru.donmai.us/artists/309672"
"63","@mabing","33","±4","高完成度日系角色、清晰线稿、稳定上色","默认泛用、角色立绘、头像、同人插画","medium","matched","mabing","mabin351692; mabingame; ppeeggyy1212; 麻兵; 麻兵。","https://danbooru.donmai.us/artists/209084"
"64","@shiren (ourboy83)","33","±3","高完成度日系角色、清晰线稿、稳定上色","默认泛用、角色立绘、头像、同人插画","medium","matched","shiren_(ourboy83)","Shiren; ourboy83; shiren_; shiren_cho; shirenjo","https://danbooru.donmai.us/artists/268577"
"65","@hijiki (hijikini)","33","±3","高完成度日系角色、清晰线稿、稳定上色","默认泛用、角色立绘、头像、同人插画","medium","matched","hijiki_(hijikini)","hiji_(hijiki-ni); hiji_(hijikini); hijiki-ni; hijiki_(stepyou); hijikini; lemchanotete; stepyou; ヒジ; ヒジキ; ヒジキ煮","https://danbooru.donmai.us/artists/11141"
"66","@kikumaru bunta","33","±3","高完成度日系角色、清晰线稿、稳定上色","默认泛用、角色立绘、头像、同人插画","medium","matched","kikumaru_bunta","VIPER7ROCK; VIPER7_ROCK; bunta_kikumaru; buntakikumaru; dftsem66; kikumaru_b; 工業長; 菊丸文太","https://danbooru.donmai.us/artists/5271"
"67","@haun","32","±3","日系角色插画、柔和上色、二次元人物向","角色参考、头像、轻插画","medium","matched","haun","hg6; pzk","https://danbooru.donmai.us/artists/65457"
"68","@shone","32","±3","日系角色插画、柔和上色、二次元人物向","角色参考、头像、轻插画","medium","matched","shone","darkest_banana; nsfwbanana; sho810465; sho89512; shone:banana:_:art:; shone@r-18; shone@多忙; shone_banana; shonep; shoner18; shone🍌🎨🔞; wahasho","https://danbooru.donmai.us/artists/94280"
"69","@casino (casinoep)","32","±3","日系角色插画、柔和上色、二次元人物向","角色参考、头像、轻插画","medium","matched","casino_(casinoep)","casino; casino_カジノ; casinoep; fgimt123321; カジノ; カジノ(casino)","https://danbooru.donmai.us/artists/118516"
"70","@kawakami rokkaku","32","±4","日系角色插画、柔和上色、二次元人物向","角色参考、头像、轻插画","medium","matched","kawakami_rokkaku","ajisaidenden; ajisaidenden_cm; kawakamirokkaku; アジサイデンデン; 川上六角","https://danbooru.donmai.us/artists/42189"
"71","@kaifei (kaifei 29)","32","±4","日系角色插画、柔和上色、二次元人物向","角色参考、头像、轻插画","medium","matched","kaifei_(kaifei_29)","KAIFEI; kaifei_29; tobi0728; 侅扉; 鮮肉門","https://danbooru.donmai.us/artists/76626"
"72","@rippajun","32","±3","日系角色插画、柔和上色、二次元人物向","角色参考、头像、轻插画","medium","matched","rippajun","りっぱjun; r1ppajun","https://danbooru.donmai.us/artists/221809"
"73","@tsukasa tsubasa","32","±4","日系角色插画、柔和上色、二次元人物向","角色参考、头像、轻插画","medium","matched","tsukasa_tsubasa","tommy_kun; tsukasa1719; 司ツバサ","https://danbooru.donmai.us/artists/181920"
"74","@chorogon","32","±4","日系角色插画、柔和上色、二次元人物向","角色参考、头像、轻插画","medium","matched","chorogon","chorochoro419; chorogon7329; choroidoragon; ちょろゴン","https://danbooru.donmai.us/artists/194694"
"75","@yuzuyomogi","32","±3","萌系日系、圆润可爱、明亮柔和","萌系少女、头像、日常、小清新","medium","matched","yuzuyomogi","yuzu-co; yuzu-coco; yuzu_mog; yuzu_momo; yuzu_yomogi; yuzumog; ゆずかな＊鹵; ゆずよもぎ; 柚子蓬","https://danbooru.donmai.us/artists/72392"
"76","@bai qi-qsr","32","±3","华语圈日系插画、细腻上色、角色向","少女、古风/幻想、头像、角色立绘","low","not_found","","",""
"77","@misheng liu yin","32","±3","华语圈日系插画、细腻上色、角色向","少女、古风/幻想、头像、角色立绘","medium","matched","misheng_liu_yin","cage5; mishengliuyin; 弥生六音; 有成竹的六音","https://danbooru.donmai.us/artists/248073"
"78","@wamudraws","32","±3","日系角色插画、柔和上色、二次元人物向","角色参考、头像、轻插画","medium","matched","wamudraws","garyc; saruwash; wormwash; mlkewatnot","https://danbooru.donmai.us/artists/202145"
"79","@fujikawa daichi","32","±4","日系角色插画、柔和上色、二次元人物向","角色参考、头像、轻插画","medium","matched","fujikawa_daichi","fujikawa; fujikawadaichi; hanagara_shirt; hanagarashirt; inudogfujikawa; サンタ; 藤川; 藤川大智","https://danbooru.donmai.us/artists/7559"
"80","@pechika","32","±3","日系角色插画、柔和上色、二次元人物向","角色参考、头像、轻插画","medium","matched","pechika","ぺち; pechi; pechi_(biscotti); zzpechi","https://danbooru.donmai.us/artists/23290"
"81","@namihaya","32","±3","日系角色插画、柔和上色、二次元人物向","角色参考、头像、轻插画","medium","matched","namihaya","ナミハヤ; hasata_0911; nmhy_107; ジョン; ヨン; skvnmn0; ""son""; skvnmn0_(artist); lifangdi; 立方体; 謝れ; _P8000; son_(skvnmn0); Yi.; Yi1l1l","https://danbooru.donmai.us/artists/100224"
"82","@onono imoko","32","±4","日系角色插画、柔和上色、二次元人物向","角色参考、头像、轻插画","medium","matched","onono_imoko","gyokai; gyokai_(alicesoft); gyokai_(artist); himehajime; himehajime69; moai21; shunin; syunin; おののいもこ; 主任; 小野妹子; 魚介; 鱼介","https://danbooru.donmai.us/artists/6554"
"83","@ka (marukogedago)","32","±3","日系角色插画、柔和上色、二次元人物向","角色参考、头像、轻插画","medium","matched","ka","kano_hito","https://danbooru.donmai.us/artists/469210"
"84","@tsukimi 50","32","±4","日系角色插画、柔和上色、二次元人物向","角色参考、头像、轻插画","medium","matched","tsukimi_50","tsukimi01","https://danbooru.donmai.us/artists/113600"
"85","@quan (kurisu tina)","32","±3","华语圈日系插画、细腻上色、角色向","少女、古风/幻想、头像、角色立绘","medium","matched","quan_(kurisu_tina)","QuAn_; QuAn___; __QuAn_; 泉酱","https://danbooru.donmai.us/artists/126950"
"86","@aoi suzu","32","±3","日系角色插画、柔和上色、二次元人物向","角色参考、头像、轻插画","medium","matched","aoi_suzu","aoi-suzu; aoi_suzu_; r_aoi_suzu; あおいすず; あおいすず☆アカウント変更しました; あおいすず☆新しいアカウントです","https://danbooru.donmai.us/artists/158185"
"87","@tama (tama-s)","31","±3","日系角色插画、柔和上色、二次元人物向","角色参考、头像、轻插画","medium","matched","tama_(tama-s)","sin05g; ta.ma; tama; tama-s; tama_(sin05g); tama_s; た.ま","https://danbooru.donmai.us/artists/152469"
"88","@daeho cha","31","±3","日系角色插画、柔和上色、二次元人物向","角色参考、头像、轻插画","medium","matched","daeho_cha","ake; cherrylich","https://danbooru.donmai.us/artists/97463"
"89","@bacun","31","±3","日系角色插画、柔和上色、二次元人物向","角色参考、头像、轻插画","medium","matched","bacun","bacunng; bacunns","https://danbooru.donmai.us/artists/171246"
"90","@spirytus tarou","31","±3","日系角色插画、柔和上色、二次元人物向","角色参考、头像、轻插画","medium","matched","spirytus_tarou","beer0tarou; shinluchu; shinruchuu; shinrutyu; spiritus_tarou; supiritastarou; supiritasu_tarou; supiritasutarou; ぴこりん!; スピリタス太郎; スピリタス太郎＠3日目東ｾ01b; ス太郎; ビール花子; 杏露酒; 角砂糖","https://danbooru.donmai.us/artists/90001"
"91","@umiroku","31","±3","日系角色插画、柔和上色、二次元人物向","角色参考、头像、轻插画","medium","matched","umiroku","umiroku_; yuki-moro; yukiroku; ゆきろく; ウミロク; ユキロク","https://danbooru.donmai.us/artists/102814"
"92","@atychi","31","±4","日系角色插画、柔和上色、二次元人物向","角色参考、头像、轻插画","medium","matched","atychi","atychi_♡","https://danbooru.donmai.us/artists/158853"
"93","@rucchiifu","31","±3","日系角色插画、柔和上色、二次元人物向","角色参考、头像、轻插画","medium","matched","rucchiifu","r_nohito; ruch_f; ルッチーフ; rucchiifu、ルッチーフ; 31_pacers; lefthands","https://danbooru.donmai.us/artists/113364"
"94","@guweiz","31","±3","油画感半写实、氛围强、暗调光影","风景、意境、电影感角色","high","matched","guweiz","GUWEIZ; gu_zheng_wei; gzw1019@gmail.com; z.w._gu; 炜炜","https://danbooru.donmai.us/artists/122964"
"95","@medinki","31","±3","日系角色插画、柔和上色、二次元人物向","角色参考、头像、轻插画","medium","matched","medinki","mdnk; メディンキ","https://danbooru.donmai.us/artists/41147"
"96","@yusan","31","±3","日系角色插画、柔和上色、二次元人物向","角色参考、头像、轻插画","medium","matched","yusan","雨伞","https://danbooru.donmai.us/artists/124598"
"97","@saberiii","31","±3","日系角色插画、柔和上色、二次元人物向","角色参考、头像、轻插画","medium","matched","saberiii","iiisaber; saberiii--","https://danbooru.donmai.us/artists/57268"
"98","@tsukiori","31","±3","日系角色插画、柔和上色、二次元人物向","角色参考、头像、轻插画","medium","matched","tsukiori","inuzakura00; n_tkor; noi_37; yetimof","https://danbooru.donmai.us/artists/82733"
"99","@pikurusu","31","±3","日系角色插画、柔和上色、二次元人物向","角色参考、头像、轻插画","medium","matched","pikurusu","ぴくるす; pikurusu0122; piku; _pikurusu00; pikurusu00","https://danbooru.donmai.us/artists/129390"
"100","@ikura hato","31","±4","萌系日系、圆润可爱、明亮柔和","萌系少女、头像、日常、小清新","medium","matched","ikura_hato","0926994; basashi; boyyy; takanaryo; 伊倉鳩; 高菜リョウ","https://danbooru.donmai.us/artists/4873"
"101","@seno (senohime)","31","±3","日系角色插画、柔和上色、二次元人物向","角色参考、头像、轻插画","medium","matched","seno_(senohime)","ATI; ATI/_5월_온리전; ati_blue_; miyo; piacere; reve; reve_reve; saeno; seno_(piacere); seno_(sayomido014); senohime","https://danbooru.donmai.us/artists/160437"
"102","@anato finnstark","31","±3","暗黑奇幻、电影感、史诗环境光","黑暗幻想、概念场景、氛围图","high","matched","anato_finnstark","AFinnstark; anatofinnstark; anto-finnstark; finnstarkillustration","https://danbooru.donmai.us/artists/144857"
"103","@plus2sf","31","±4","日系角色插画、柔和上色、二次元人物向","角色参考、头像、轻插画","medium","matched","plus2sf","++; plus2SF","https://danbooru.donmai.us/artists/398326"
"104","@seungju lee","31","±4","日系角色插画、柔和上色、二次元人物向","角色参考、头像、轻插画","medium","matched","seungju_lee","dingo; dingo333; dingoha; dingolee; e__shotz; shot_z; shotz; シャッツ; ディンゴ; 샤쯔","https://danbooru.donmai.us/artists/151847"
"105","@umeume (totoya)","31","±4","日系角色插画、柔和上色、二次元人物向","角色参考、头像、轻插画","medium","matched","umeume_(totoya)","mgr_akami123; mgr_akami; umeume; ととや; うめうめ; totoya","https://danbooru.donmai.us/artists/200867"
"106","@torakichi (ebitendon)","31","±4","日系角色插画、柔和上色、二次元人物向","角色参考、头像、轻插画","medium","matched","torakichi_(ebitendon)","Torakichi; torakitchen; torakitchen2; えびてん堂; とらきち","https://danbooru.donmai.us/artists/52797"
"107","@fuyu no usagi","30","±3","萌系日系、圆润可爱、明亮柔和","萌系少女、头像、日常、小清新","medium","matched","fuyu_no_usagi","","https://danbooru.donmai.us/artists/127531"
"108","@bentouoic","30","±3","日系角色插画、柔和上色、二次元人物向","角色参考、头像、轻插画","medium","matched","bentouoic","ベントー🍙; bentouoic","https://danbooru.donmai.us/artists/467775"
"109","@saku (osake love)","30","±3","日系角色插画、柔和上色、二次元人物向","角色参考、头像、轻插画","medium","matched","saku_(osake_love)","","https://danbooru.donmai.us/artists/52684"
"110","@cougar (cougar1404)","30","±3","日系角色插画、柔和上色、二次元人物向","角色参考、头像、轻插画","medium","matched","cougar_(cougar1404)","cougar1404; クーガー","https://danbooru.donmai.us/artists/185898"
"111","@shiro youduki","30","±4","日系角色插画、柔和上色、二次元人物向","角色参考、头像、轻插画","medium","matched","shiro_youduki","youduki; てんれす; ようづき; 葉月; 葉月(ようづき)","https://danbooru.donmai.us/artists/175640"
"112","@gubbi on","30","±4","日系角色插画、柔和上色、二次元人物向","角色参考、头像、轻插画","medium","matched","gubbi_on","GuBBi","https://danbooru.donmai.us/artists/377704"
"113","@nekoi mie","30","±3","萌系日系、圆润可爱、明亮柔和","萌系少女、头像、日常、小清新","medium","matched","nekoi_mie","manpa; manpa01; nekoi_mii; nekoi_yasuyuki; nekoko; nekomin7; nekoyas; yapon0; ねこいみぃ; マンガスーパー; 猫井ミィ; 猫井ヤスユキ; 猫井ヤスユキ＠お仕事準備中","https://danbooru.donmai.us/artists/5128"
"114","@nagi ryou","30","±4","细腻日系、清透色、游戏/轻小说感","美少女立绘、轻小说封面","high","matched","nagi_ryou","nagi; s.e.c; 凪良; 名木良","https://danbooru.donmai.us/artists/5234"
"115","@satou aji","30","±3","日系角色插画、柔和上色、二次元人物向","角色参考、头像、轻插画","medium","matched","satou_aji","kabikira_white; さとう鯵; 砂糖鯵","https://danbooru.donmai.us/artists/131813"
"116","@tajima yukie","30","±4","日系角色插画、柔和上色、二次元人物向","角色参考、头像、轻插画","medium","matched","tajima_yukie","norari; yukietajima; 田島幸枝; 田島幸枝_yukietajima; 田島幸枝‎","https://danbooru.donmai.us/artists/106622"
"117","@sumiya nadateru","30","±4","日系角色插画、柔和上色、二次元人物向","角色参考、头像、轻插画","medium","matched","sumiya_nadateru","katasumi5o; katasumi_(katsumi5o); katsumi5o; oheya_katasumi; お部屋片隅; すみやなだてる; 片隅; 隅谷ナダテル","https://danbooru.donmai.us/artists/97141"
"118","@saeki sora","30","±4","日系角色插画、柔和上色、二次元人物向","角色参考、头像、轻插画","medium","matched","saeki_sora","Poyopoyosky; Sora_Saeki; poyo_sky77; sae_sky; sae_sky77; utsumi_sae; 佐伯ソラ; 佐伯ソラのサブ垢💙_冬コミ土曜日東Ｃｰ20a; 空海さえ","https://danbooru.donmai.us/artists/98093"
"119","@mameeekueya","30","±4","萌系日系、圆润可爱、明亮柔和","萌系少女、头像、日常、小清新","low","not_found","","",""
"120","@jikuno","30","±4","日系角色插画、柔和上色、二次元人物向","角色参考、头像、轻插画","medium","matched","jikuno","kunoo; pon_debi_snow; raku_jiku; s_2_p_11_d; snowbell0213; snowbell_u_0213; じくの; クノオ","https://danbooru.donmai.us/artists/122706"
"121","@pote (pote 39)","30","±4","萌系日系、圆润可爱、明亮柔和","萌系少女、头像、日常、小清新","medium","matched","pote_(pote_39)","pote; pote____39","https://danbooru.donmai.us/artists/357950"
"122","@mongguri","30","±3","日系角色插画、柔和上色、二次元人物向","角色参考、头像、轻插画","medium","matched","mongguri","mashi313; mooong; mooong_gul; poke_mong; 몽구리; 포켓몽","https://danbooru.donmai.us/artists/200782"
"123","@netural","30","±3","日系角色插画、柔和上色、二次元人物向","角色参考、头像、轻插画","medium","matched","netural","넺츄럴","https://danbooru.donmai.us/artists/237463"
"124","@z3zz4","30","±3","日系角色插画、柔和上色、二次元人物向","角色参考、头像、轻插画","medium","matched","z3zz4","Z3_zz; Z3zz; Z3zz4; Z3zz_","https://danbooru.donmai.us/artists/261471"
"125","@hitowa","30","±4","日系角色插画、柔和上色、二次元人物向","角色参考、头像、轻插画","medium","matched","hitowa","hitowa22; ひと和","https://danbooru.donmai.us/artists/33268"
"126","@mino tarou","30","±3","清爽 galgame 系、干净线稿、明亮角色","恋爱游戏、校园、角色立绘","high","matched","mino_tarou","mino_taro; minoboshi_tarou; mino☆taro; ミノ☆タロー; 箕星太朗","https://danbooru.donmai.us/artists/124189"
"127","@tsukino (nakajimaseiki)","30","±3","日系角色插画、柔和上色、二次元人物向","角色参考、头像、轻插画","medium","matched","tsukino_(nakajimaseiki)","nakajimaseiki; tsuki_nonono; tsukino_res; tsukinono; 月野","https://danbooru.donmai.us/artists/147514"
"128","@ssambatea","30","±3","韩系精细日系、柔和光、精美少女","少女、头像、商业插画","high","matched","ssambatea","ssamba; 쌈바챠; 쌈바라차차; idohj; idohj10; idohj12","https://danbooru.donmai.us/artists/170722"
"129","@kinako (shiratama mochi)","30","±4","萌系日系、圆润可爱、明亮柔和","萌系少女、头像、日常、小清新","medium","matched","kinako_(shiratama_mochi)","kinaco; kinako; kinako_mochi; ppp_usagi_; shiratama_akane; shiratamamochiii; usako; うさこ; しらたまあかね; 木なこ; 白玉あかね","https://danbooru.donmai.us/artists/131920"
"130","@sankuro (agoitei)","30","±4","日系角色插画、柔和上色、二次元人物向","角色参考、头像、轻插画","medium","matched","sankuro_(agoitei)","agoitei; agoi亭; rozen5; sankuro; 三九呂","https://danbooru.donmai.us/artists/29889"
"131","@sanwari (aruji yume)","30","±3","日系角色插画、柔和上色、二次元人物向","角色参考、头像、轻插画","medium","matched","sanwari_(aruji_yume)","三割; 或峙; aruji; saikounoitinitiwo; aruji_yume; べーこん","https://danbooru.donmai.us/artists/211263"
"132","@yamaguchi shinnosuke","30","±3","日系角色插画、柔和上色、二次元人物向","角色参考、头像、轻插画","medium","matched","yamaguchi_shinnosuke","itochin_(itotin); itotin; itotin_(itochin); shin_no; いとちん; 山口真之介; 山口真之介＠2日目日曜r15ab; 山口真之巣軒; 規格外。extend","https://danbooru.donmai.us/artists/5256"
"133","@kaguyuzu","30","±4","萌系日系、圆润可爱、明亮柔和","萌系少女、头像、日常、小清新","medium","matched","kaguyuzu","ichigo_pants_(circle); junjou_harinezumi_(circle); kaguky; いちごぱんつ; かぐゆづ; カグユヅ; 茶渋","https://danbooru.donmai.us/artists/15337"
"134","@silverxp","29","±3","日系角色插画、柔和上色、二次元人物向","角色参考、头像、轻插画","medium","matched","silverxp","silver; slvr79","https://danbooru.donmai.us/artists/98150"
"135","@sukaliya","29","±5","日系角色插画、柔和上色、二次元人物向","角色参考、头像、轻插画","medium","matched","sukaliya","苏见Sukaliya","https://danbooru.donmai.us/artists/243937"
"136","@mokokoiro","29","±3","日系角色插画、柔和上色、二次元人物向","角色参考、头像、轻插画","medium","matched","mokokoiro","spicashirahosi; spica＊shirahoshi; たばやん","https://danbooru.donmai.us/artists/212320"
"137","@kabu usagi","29","±3","萌系日系、圆润可爱、明亮柔和","萌系少女、头像、日常、小清新","medium","matched","kabu_usagi","kabu_usa; kabuusagi; カブウサギ","https://danbooru.donmai.us/artists/237010"
"138","@suzuki24","29","±4","日系角色插画、柔和上色、二次元人物向","角色参考、头像、轻插画","medium","matched","suzuki24","うづき; 中村卯月; uzunaka","https://danbooru.donmai.us/artists/82739"
"139","@takubon","29","±5","日系角色插画、柔和上色、二次元人物向","角色参考、头像、轻插画","medium","matched","takubon","kuroneko1364; たくぼん","https://danbooru.donmai.us/artists/161811"
"140","@koyomania","29","±4","日系角色插画、柔和上色、二次元人物向","角色参考、头像、轻插画","medium","matched","koyomania","bububu432117785; karen_le_cao; karenlecao; koyomania1840; koyomi; 🦋🧈","https://danbooru.donmai.us/artists/205681"
"141","@yunmi 0527","29","±5","日系角色插画、柔和上色、二次元人物向","角色参考、头像、轻插画","medium","matched","yunmi_0527","puyo-feli; rinri_0527; yunmi0527; yunmi0527feli; ゆんみ; ゆんみ2","https://danbooru.donmai.us/artists/190629"
"142","@4suke","29","±3","日系角色插画、柔和上色、二次元人物向","角色参考、头像、轻插画","medium","matched","4suke","4suke＠ガルパン本_委託中; kt4sk; nekogoya-factory; nekogoya_seisakujo; nekogoya_seisakusho; yoyo2008; 猫小屋製作所","https://danbooru.donmai.us/artists/92926"
"143","@jacknavy","29","±5","日系角色插画、柔和上色、二次元人物向","角色参考、头像、轻插画","medium","matched","jacknavy","JackNavy6; aquajack; ice-light; 深蓝杰克; 灯and深蓝杰克","https://danbooru.donmai.us/artists/97722"
"144","@airi (akamichiaika)","29","±5","日系角色插画、柔和上色、二次元人物向","角色参考、头像、轻插画","medium","matched","airi_(akamichiaika)","ぁぃり＠4/5仙コミd32","https://danbooru.donmai.us/artists/118228"
"145","@kay yu","29","±3","日系角色插画、柔和上色、二次元人物向","角色参考、头像、轻插画","medium","matched","kay_yu","ケイ_ユウ","https://danbooru.donmai.us/artists/194155"
"146","@kuroda kazuya","29","±3","日系角色插画、柔和上色、二次元人物向","角色参考、头像、轻插画","medium","matched","kuroda_kazuya","黒田和也","https://danbooru.donmai.us/artists/54806"
"147","@megateru","29","±3","日系角色插画、柔和上色、二次元人物向","角色参考、头像、轻插画","medium","matched","megateru","M_terU116; megateru; teru11061; teru_(teru11061); terusa1; てる; めがてる","https://danbooru.donmai.us/artists/47530"
"148","@merrytail","29","±5","日系角色插画、柔和上色、二次元人物向","角色参考、头像、轻插画","medium","matched","merrytail","MerryTail; merry_tail","https://danbooru.donmai.us/artists/212255"
"149","@marimo jh","29","±4","日系角色插画、柔和上色、二次元人物向","角色参考、头像、轻插画","medium","matched","marimo_jh","","https://danbooru.donmai.us/artists/220532"
"150","@jin (oihlf)","29","±4","日系角色插画、柔和上色、二次元人物向","角色参考、头像、轻插画","medium","matched","jin_(oihlf)","OihLf; oihlf; ururjn108; じん.…","https://danbooru.donmai.us/artists/393978"
"151","@dot r","29","±5","日系角色插画、柔和上色、二次元人物向","角色参考、头像、轻插画","medium","matched","dot_r",".r; どっとあーる","https://danbooru.donmai.us/artists/18338"
"152","@akichi 360","29","±3","日系角色插画、柔和上色、二次元人物向","角色参考、头像、轻插画","medium","matched","akichi_360","空き地; akichi_360","https://danbooru.donmai.us/artists/330432"
"153","@kangetsu (fhalei)","29","±4","日系角色插画、柔和上色、二次元人物向","角色参考、头像、轻插画","medium","matched","kangetsu_(fhalei)","Rancyou; _観月_; _観月_🎨; fhalei; fhalei.; kangetsu; kangetsu_yukimi; zuixian_dan_mu_buzu; かんげつ; 左舷弹幕不足; 聽風; 観月","https://danbooru.donmai.us/artists/41549"
"154","@koza game","29","±5","日系角色插画、柔和上色、二次元人物向","角色参考、头像、轻插画","medium","matched","koza_game","こざ","https://danbooru.donmai.us/artists/135578"
"155","@sleepy frippy","28","±5","日系角色插画、柔和上色、二次元人物向","角色参考、头像、轻插画","medium","matched","sleepy_frippy","SleepyFrippy; frip; fripside; fripside_tan; furippu","https://danbooru.donmai.us/artists/153622"
"156","@jampen","28","±3","日系角色插画、柔和上色、二次元人物向","角色参考、头像、轻插画","medium","matched","jampen","jam; jam0601; ジャムペン","https://danbooru.donmai.us/artists/89218"
"157","@mina cream","28","±4","日系角色插画、柔和上色、二次元人物向","角色参考、头像、轻插画","medium","matched","mina_cream","MinaCreamu; minacream; minaqueenu","https://danbooru.donmai.us/artists/137902"
"158","@binggong asylum","28","±3","幻想/暗调倾向、厚涂或概念感","暗黑奇幻、氛围角色、概念图","medium","matched","binggong_asylum","BGAsylum; ShiftyloR; bgzhixue; blingoonl; zhixue; 冰宫; 冰宫Asylum; 冰宫AsylumHanitles; 冰宫今晚吃高爆手雷; 芷雪","https://danbooru.donmai.us/artists/181410"
"159","@yqgkg","28","±3","日系角色插画、柔和上色、二次元人物向","角色参考、头像、轻插画","low","not_found","","",""
"160","@banishment","28","±4","幻想/暗调倾向、厚涂或概念感","暗黑奇幻、氛围角色、概念图","medium","matched","banishment","yokaibanish","https://danbooru.donmai.us/artists/157757"
"161","@nextoad","28","±3","日系角色插画、柔和上色、二次元人物向","角色参考、头像、轻插画","medium","matched","nextoad","A.Starsh; nexaeterna; safetoad; toadnex","https://danbooru.donmai.us/artists/195649"
"162","@nhaliz","28","±3","日系角色插画、柔和上色、二次元人物向","角色参考、头像、轻插画","medium","matched","nhaliz","naz-century; naz_nhaliz; nhaliz.fb; nut.century; なつゆ","https://danbooru.donmai.us/artists/117128"
"163","@shihou (g-o-s)","28","±3","日系角色插画、柔和上色、二次元人物向","角色参考、头像、轻插画","medium","matched","shihou_(g-o-s)","s_urn; shihou; shihou_1","https://danbooru.donmai.us/artists/37210"
"164","@suke (singekijyosei)","28","±4","日系角色插画、柔和上色、二次元人物向","角色参考、头像、轻插画","medium","matched","suke_(singekijyosei)","nitta_yuusuke; suke; 助; 新田祐助","https://danbooru.donmai.us/artists/152806"
"165","@aruka (alka p1)","28","±4","日系角色插画、柔和上色、二次元人物向","角色参考、头像、轻插画","medium","matched","aruka_(alka_p1)","alka-p1; alka01; alka1923; alka_p1; alkap1; arai3648; aruka; あるか; あるか@5月砲雷撃戦; あるかねっと; あるか＠サンクリr12b; アルカ","https://danbooru.donmai.us/artists/96664"
"166","@quick waipa","28","±3","日系角色插画、柔和上色、二次元人物向","角色参考、头像、轻插画","medium","matched","quick_waipa","karinoid; waipa; クイック賄派","https://danbooru.donmai.us/artists/43906"
"167","@laceysx","28","±5","日系角色插画、柔和上色、二次元人物向","角色参考、头像、轻插画","medium","matched","laceysx","lacey_s; laceyxitzal; megaserlex; serlex; serlex29; serlex_!; serlexdrawings; sxlacey; user_udhg5244","https://danbooru.donmai.us/artists/206482"
"168","@r oot","28","±5","日系角色插画、柔和上色、二次元人物向","角色参考、头像、轻插画","medium","matched","r_oot","root547; r_oot_2r","https://danbooru.donmai.us/artists/254105"
"169","@miyazakisoul","28","±5","日系角色插画、柔和上色、二次元人物向","角色参考、头像、轻插画","medium","matched","miyazakisoul","Miyazaki_Soul; gongqibing; miyazaki_byou; soul; 宫崎2023; 宫崎soul; 宫崎soulonger; 宫崎病","https://danbooru.donmai.us/artists/286294"
"170","@miyabino (miyabi1616)","28","±4","日系角色插画、柔和上色、二次元人物向","角色参考、头像、轻插画","medium","matched","miyabino_(miyabi1616)","hu_sa; husa116; miyabino; miyabnn; みやびの; 房; 房/husa","https://danbooru.donmai.us/artists/118220"
"171","@metatarou","28","±5","日系角色插画、柔和上色、二次元人物向","角色参考、头像、轻插画","medium","matched","metatarou","めたたろう; metatarou2","https://danbooru.donmai.us/artists/266171"
"172","@pokemoa","28","±3","日系角色插画、柔和上色、二次元人物向","角色参考、头像、轻插画","medium","matched","pokemoa","caret_egg; moa151; moa^; soara; soara1128; そあら; ソアラ; ポケモア; ポケモンの恋人; ポケ書; モア^; モアタ","https://danbooru.donmai.us/artists/11998"
"173","@attyon","28","±5","日系角色插画、柔和上色、二次元人物向","角色参考、头像、轻插画","medium","matched","attyon","アッチョン; attyon_; tennnennyakouressya","https://danbooru.donmai.us/artists/96926"
"174","@ia (ias1010)","28","±5","日系角色插画、柔和上色、二次元人物向","角色参考、头像、轻插画","medium","matched","ia_(ias1010)","01012341234; deepinsiade; ia; ia1010; ias1010; ia☆캐스터_타마모_신부_모셨음; 나","https://danbooru.donmai.us/artists/161579"
"175","@sino (sionori)","28","±3","日系角色插画、柔和上色、二次元人物向","角色参考、头像、轻插画","medium","matched","sino_(sionori)","slaughter_z; しの; 篠; 芭蕉","https://danbooru.donmai.us/artists/56906"
"176","@soranokakera01","28","±4","日系角色插画、柔和上色、二次元人物向","角色参考、头像、轻插画","medium","matched","soranokakera01","tsubame12; 空のカケラ","https://danbooru.donmai.us/artists/199899"
"177","@kisamu (ksmz)","28","±4","日系角色插画、柔和上色、二次元人物向","角色参考、头像、轻插画","medium","matched","kisamu_(ksmz)","ム; ksm; kisamu; キ; サ; 厶; kkssmm; ksmz; _kisam_; あーす; kisamaaaa0714; kisam; ksmz_; kisam0714","https://danbooru.donmai.us/artists/109569"
"178","@trefle r","28","±3","日系角色插画、柔和上色、二次元人物向","角色参考、头像、轻插画","medium","matched","trefle_r","とれふる","https://danbooru.donmai.us/artists/68421"
"179","@yewang19","28","±4","华语圈日系插画、细腻上色、角色向","少女、古风/幻想、头像、角色立绘","medium","matched","yewang19","220ggg; xgyz273zzc; yemao18; yewang20; ╉ヅ20┷┇g┫","https://danbooru.donmai.us/artists/111326"
"180","@chela77","28","±4","日系角色插画、柔和上色、二次元人物向","角色参考、头像、轻插画","medium","matched","chela77","","https://danbooru.donmai.us/artists/206906"
"181","@jesse (pixiv34586727)","28","±4","日系角色插画、柔和上色、二次元人物向","角色参考、头像、轻插画","medium","matched","jesse_(pixiv34586727)","jesse","https://danbooru.donmai.us/artists/193313"
"182","@yashiro seika","28","±4","日系角色插画、柔和上色、二次元人物向","角色参考、头像、轻插画","medium","matched","yashiro_seika","八城惺架","https://danbooru.donmai.us/artists/28302"
"183","@naotosi","28","±5","日系角色插画、柔和上色、二次元人物向","角色参考、头像、轻插画","medium","matched","naotosi","＜ｎａｏ＞; naotosi_ap; pp8ge17g","https://danbooru.donmai.us/artists/224058"
"184","@void 0","28","±5","幻想/暗调倾向、厚涂或概念感","暗黑奇幻、氛围角色、概念图","medium","matched","void_0","akirako; void0; void314492; void_ling; void新神殿下","https://danbooru.donmai.us/artists/218424"
"185","@materclaws","28","±4","日系角色插画、柔和上色、二次元人物向","角色参考、头像、轻插画","medium","matched","materclaws","Toxichica; icti; ictiosis; ictiwinter","https://danbooru.donmai.us/artists/126624"
"186","@mr.lime","27","±4","日系/二次元角色向，具体风格待核实","需结合样图二次筛选后使用","medium","matched","mr.lime","IhaveSinned628; Limeee; a0000000628; mrsnakesnake628; shershangen628","https://danbooru.donmai.us/artists/174754"
"187","@bishi (bishi)","27","±4","日系/二次元角色向，具体风格待核实","需结合样图二次筛选后使用","medium","matched","bishi_(bishi)","bishi; bishi_1122; 鼻屎; 鼻屎(bishi)","https://danbooru.donmai.us/artists/161970"
"188","@squchan","27","±3","日系/二次元角色向，具体风格待核实","需结合样图二次筛选后使用","medium","matched","squchan","","https://danbooru.donmai.us/artists/48205"
"189","@yuiga naoha","27","±4","日系/二次元角色向，具体风格待核实","需结合样图二次筛选后使用","medium","matched","yuiga_naoha","yuiganaoha; 由雅; 由雅なおは","https://danbooru.donmai.us/artists/91073"
"190","@sakura ryuuken","27","±4","日系/二次元角色向，具体风格待核实","需结合样图二次筛选后使用","medium","matched","sakura_ryuuken","luck_gear; luckgear; s_ryuken; sakura_ryuken; 桜りゅうけん","https://danbooru.donmai.us/artists/6123"
"191","@seafh","27","±4","日系/二次元角色向，具体风格待核实","需结合样图二次筛选后使用","medium","matched","seafh","みかが; 瓶賀; 瓶賀凌; mikaga_ryou; 瓶賀skylab; skylab; ryomikaga; skylab03; mikaga; mikaga_(skylab); mikaga_(seafh); 雛見; hinami_(skylab); kagaminlover","https://danbooru.donmai.us/artists/57997"
"192","@neco","27","±4","机械感日系、硬朗线条、未来感","机甲、科幻角色、战斗服","high","matched","neco","HAHGS-neco-; neco_person; necopaint09; yucca-612","https://danbooru.donmai.us/artists/79558"
"193","@mushpz","27","±5","日系/二次元角色向，具体风格待核实","需结合样图二次筛选后使用","medium","matched","mushpz","k-doku; kikdku; mashpz; mupz__","https://danbooru.donmai.us/artists/162863"
"194","@hechi (hechi322)","27","±5","日系/二次元角色向，具体风格待核实","需结合样图二次筛选后使用","medium","matched","hechi_(hechi322)","hechi; hechi322; hechi_zou; へち; へち蔵","https://danbooru.donmai.us/artists/136383"
"195","@maririn","27","±5","日系/二次元角色向，具体风格待核实","需结合样图二次筛选后使用","medium","matched","maririn","まりりん; mapicjk; maririso; marilyn; ssbalternative; mapic5","https://danbooru.donmai.us/artists/28345"
"196","@yt (wai-tei)","27","±3","日系/二次元角色向，具体风格待核实","需结合样图二次筛选后使用","medium","matched","yt_(wai-tei)","beernomitaiYT; t-h-yt; wai-tei; wait_(t-h-yt); yt; ワイティー","https://danbooru.donmai.us/artists/59923"
"197","@makoto ikemu","27","±5","日系/二次元角色向，具体风格待核实","需结合样图二次筛选后使用","medium","matched","makoto_ikemu","mako-makotoo; mako_mickt; makoto-ikemu; makotoo; makotou; マコトゥー; マコトウ","https://danbooru.donmai.us/artists/154315"
"198","@jesse schickler","27","±5","日系/二次元角色向，具体风格待核实","需结合样图二次筛选后使用","medium","matched","jesse_schickler","Jessjessdraws","https://danbooru.donmai.us/artists/194579"
"199","@hamachamu","27","±4","日系/二次元角色向，具体风格待核实","需结合样图二次筛选后使用","medium","matched","hamachamu","ハマちゃむ; xrjg6; ハマちゃむ@毎日描くよ☺️; hamatyamu0404; ハマちゃむ@無料１連ありがとう","https://danbooru.donmai.us/artists/194983"
"200","@fujishiro emyu","27","±3","日系/二次元角色向，具体风格待核实","需结合样图二次筛选后使用","medium","matched","fujishiro_emyu","emyu; usbウサギ; えみゅ。; もそもそ生きてる; 藤代えみゅ","https://danbooru.donmai.us/artists/44027"
"201","@makicha (sasurainopink)","27","±3","日系/二次元角色向，具体风格待核实","需结合样图二次筛选后使用","medium","matched","makicha_(sasurainopink)","makiazumakikazu; makicha; makicha_makinote; makinotemakicha; pink_x; r8skehbb; sasurai_no_pink; sasurainopink; ピンクx; 牧茶; 牧野和俊","https://danbooru.donmai.us/artists/260878"
"202","@afukuro","27","±3","日系/二次元角色向，具体风格待核实","需结合样图二次筛选后使用","medium","matched","afukuro","af_kuro; af_kuro@月曜a-42a; af_qro; afkuro; africa_no_kuroboshi; desert_raccoon; llcab; llcabr18; love_letter_carburetor; lovecarburetor; lovelettercarburetor; sabaku_no_tanuki; sabakuno_tanuki; あふ黒; あふ黒【日曜れ－32a】; ふふ黒; アフリカの黒星; アフ黒; ラブレターキャブレター; 砂漠の狸; 砂漠乃タヌキ","https://danbooru.donmai.us/artists/79082"
"203","@koi (koisan)","27","±4","日系/二次元角色向，具体风格待核实","需结合样图二次筛选后使用","medium","matched","koi_(koisan)","","https://danbooru.donmai.us/artists/16661"
"204","@shakkiyi","27","±5","日系/二次元角色向，具体风格待核实","需结合样图二次筛选后使用","medium","matched","shakkiyi","ShakkiyI; user_xpdy2888; しゃっきー@牛丼好き","https://danbooru.donmai.us/artists/230046"
"205","@waero","27","±3","日系/二次元角色向，具体风格待核实","需结合样图二次筛选后使用","medium","matched","waero","Waero_Re; digitallover; evil000000s; nishino; nishino_(waero); nishino_waero; 西野; 西野waero; 西野（waero）","https://danbooru.donmai.us/artists/72834"
"206","@nako (unclebanana)","27","±4","日系/二次元角色向，具体风格待核实","需结合样图二次筛选后使用","medium","matched","nako_(unclebanana)","Nanagi; _Nanagi; fragonana; mikorin; nanagi_oto; shadefain; unclebanana; ナコ; ナナギ; 娜娜凪; 御子柴太太","https://danbooru.donmai.us/artists/100089"
"207","@warekara","27","±5","日系/二次元角色向，具体风格待核实","需结合样图二次筛选后使用","medium","matched","warekara","アヌビス","https://danbooru.donmai.us/artists/121535"
"208","@ichiei","27","±4","日系/二次元角色向，具体风格待核实","需结合样图二次筛选后使用","medium","matched","ichiei","ichiei_(tsukikoyo); tsukikoyo; 一栄; 月こよ; 月は今宵も繰り返す","https://danbooru.donmai.us/artists/61096"
"209","@pondel","27","±4","日系/二次元角色向，具体风格待核实","需结合样图二次筛选后使用","medium","matched","pondel","pondel2; ポンデル","https://danbooru.donmai.us/artists/202930"
"210","@shironeko yuuki","27","±4","萌系日系、圆润可爱、明亮柔和","萌系少女、头像、日常、小清新","medium","matched","shironeko_yuuki","shirayuki_epe; sironeko-yuki; 白山ゆーき; 白山白雪; 白山白雪（旧めるま柚）; 白猫悠姫","https://danbooru.donmai.us/artists/89794"
"211","@ekz (robotekz)","27","±4","幻想/暗调倾向、厚涂或概念感","暗黑奇幻、氛围角色、概念图","medium","matched","ekz_(robotekz)","drawfag; ekz; ekz-yu; ekz_🔞; ekzrobot; ekztheartist; ekz🔞; hakaseyu; robotekz; robotekz_","https://danbooru.donmai.us/artists/138202"
"212","@qtonagi","27","±3","日系/二次元角色向，具体风格待核实","需结合样图二次筛选后使用","medium","matched","qtonagi","alglart; asahiro; asahiroalgl; asahiroratan; azami; azammii; kyuuto_nagi; rolatan; あさひろ; あざみ; 旧都なぎ; 旧都凪_QTONAGI","https://danbooru.donmai.us/artists/78302"
"213","@chiri (ch!)","27","±3","日系/二次元角色向，具体风格待核实","需结合样图二次筛选后使用","medium","matched","chiri","ai__40_","https://danbooru.donmai.us/artists/366576"
"214","@miyabi urumi","27","±4","日系/二次元角色向，具体风格待核实","需结合样图二次筛选后使用","low","not_found","","",""
"215","@ousaka nozomi","27","±5","日系/二次元角色向，具体风格待核实","需结合样图二次筛选后使用","medium","matched","ousaka_nozomi","(╹◡╹)へちょ受け; cocoleka; hey_you!; huaka; mogetama; non; non_(hey_you!); ponnuki-chan; tanakamori_yokota; のん; ヘイ、ユー！; ポンヌキちゃん; 田中森よこた; 逢坂望美","https://danbooru.donmai.us/artists/75857"
"216","@m75255831","27","±4","日系/二次元角色向，具体风格待核实","需结合样图二次筛选后使用","medium","matched","m75255831","aogisa","https://danbooru.donmai.us/artists/320890"
"217","@aya shachou","27","±3","日系/二次元角色向，具体风格待核实","需结合样图二次筛选后使用","medium","matched","aya_shachou","P/A; PresidentIrod; QKEkcVeTIns; ayakatyou; ayasyatyou; gokusaicolor; gokusaishiki; lowest_aya; 彩社長","https://danbooru.donmai.us/artists/19093"
"218","@qian wu atai","27","±3","华语圈日系插画、细腻上色、角色向","少女、古风/幻想、头像、角色立绘","low","not_found","","",""
"219","@ellu","26","±5","日系/二次元角色向，具体风格待核实","需结合样图二次筛选后使用","medium","matched","ellu","akaioren; ellucir; ghks9784","https://danbooru.donmai.us/artists/208133"
"220","@nishuu miri","26","±5","日系/二次元角色向，具体风格待核实","需结合样图二次筛选后使用","medium","matched","nishuu_miri","ミリ; 二愁みり; greatclothesdry; 洗濯干したえらい; simearth; osasimilli","https://danbooru.donmai.us/artists/148094"
"221","@shamonabe","26","±3","日系/二次元角色向，具体风格待核实","需结合样图二次筛选后使用","medium","matched","shamonabe","chickenrace333; chickenrace444; shamo_nabe; syamo003; syamo_003; syamonabe; syamonabe002; syamonabe006; シャモナベ; シャモナベ2; シャモナベ:underage:; シャモナベ_@r6s; 氷漬けチキンレース; 軍鶏鍋","https://danbooru.donmai.us/artists/113163"
"222","@zenrakishi","26","±5","日系/二次元角色向，具体风格待核实","需结合样图二次筛选后使用","medium","matched","zenrakishi","ZENraKISHI; 善騎士","https://danbooru.donmai.us/artists/187603"
"223","@fii fii (feefeeowo)","26","±5","日系/二次元角色向，具体风格待核实","需结合样图二次筛选后使用","medium","matched","fii_fii_(feefeeowo)","feefeeowo; feeyaowo; フィーフィー","https://danbooru.donmai.us/artists/142387"
"224","@matsurika youko","26","±4","日系/二次元角色向，具体风格待核实","需结合样图二次筛选后使用","medium","matched","matsurika_youko","matsurica_yoko; matsurikay; maturica; maturica-y; maturica_y; maturica_youko; yousuke; まつりか; まつりかようこ; ようすけ; 祀花よう子; 祀花よう子(まつりかようこ); 蓉介","https://danbooru.donmai.us/artists/74813"
"225","@stmast","26","±3","日系/二次元角色向，具体风格待核实","需结合样图二次筛选后使用","medium","matched","stmast","STM企鹅军阀MKII; i12009972; stmaster; stmaster🔞; 企鹅军阀; 企鹅队长","https://danbooru.donmai.us/artists/104069"
"226","@sonsoso","26","±5","日系/二次元角色向，具体风格待核实","需结合样图二次筛选后使用","medium","matched","sonsoso","sonsoso888; ソンソソ","https://danbooru.donmai.us/artists/82786"
"227","@a-xii","26","±4","日系/二次元角色向，具体风格待核实","需结合样图二次筛选后使用","medium","matched","a-xii","axii33411358","https://danbooru.donmai.us/artists/213224"
"228","@genkung","26","±4","日系/二次元角色向，具体风格待核实","需结合样图二次筛选后使用","medium","matched","genkung","genjung","https://danbooru.donmai.us/artists/122064"
"229","@nyamaso","26","±5","萌系日系、圆润可爱、明亮柔和","萌系少女、头像、日常、小清新","medium","matched","nyamaso","shiratama-anmitsu; tamaso; なまそ; にゃまそ","https://danbooru.donmai.us/artists/93493"
"230","@k+","26","±5","日系/二次元角色向，具体风格待核实","需结合样图二次筛选后使用","medium","matched","k+","case_k; k＋","https://danbooru.donmai.us/artists/13890"
"231","@honzawa yuuichirou","26","±4","日系/二次元角色向，具体风格待核实","需结合样图二次筛选后使用","medium","matched","honzawa_yuuichirou","モトイヒロウミ＠七竈アンノ; ほんざわ@ななかまどあんの; 七竈アンノ; metalzigzag; 七竈アンノ(h; hushigi; 七竈アンノミズハコセカイ&amp;アイゼンフリューゲル; 本澤友一郎; nanakamado_anno; metal_zigzag; ぎょにくそーせー児","https://danbooru.donmai.us/artists/112367"
"232","@takashina masato","26","±5","日系/二次元角色向，具体风格待核实","需结合样图二次筛选后使用","medium","matched","takashina_masato","47chop; 47st_people; 47星人; masato-t; masato_t; 高階聖人; 高階聖人👼FANBOXはじめました","https://danbooru.donmai.us/artists/13213"
"233","@marugoshi (54burger)","26","±4","日系/二次元角色向，具体风格待核实","需结合样图二次筛选后使用","medium","matched","marugoshi_(54burger)","54bg; maru54; marugoshi; まるごし; まるごし@54burger","https://danbooru.donmai.us/artists/22160"
"234","@yuuhi homare","25","±5","日系/二次元角色向，具体风格待核实","需结合样图二次筛选后使用","medium","matched","yuuhi_homare","(´_ゝ`); 7saiji; donacoo; homatarosan; pomare; re:limelight; yuhi_(donacoo); yuhi_(homatarosan); yuhi_(yuhiko); yuhiko; yuhiko_(re:limelight); yuhiko_(yumemo); yuigahama; yukiho_(artist); yuuhi_(donacoo); yuuhi_(homatarosan); yuuutsu_kamo; ゅ; ゆうひほまれ; ゆひこ; ゆめも; ゆゆゆや; アワ; エーダブリューエー; バブちゃん文庫; ユウヒ; ユヒ; リライムライト; 冬彦; 平原ひこ; 平原カズヒロ; 由比ヶ浜; 聖バブちゃん; 誉田ユウヒ; 邑日; 邑日保希; ７歳児","https://danbooru.donmai.us/artists/41536"
"235","@kirisaki seeker","25","±3","日系/二次元角色向，具体风格待核实","需结合样图二次筛选后使用","medium","matched","kirisaki_seeker","k____sh04; kirisaki_shiikaa; ksh04; 切裂_シーカー; 切裂シーカー","https://danbooru.donmai.us/artists/155496"
"236","@natsu (sinker8c)","25","±4","日系/二次元角色向，具体风格待核实","需结合样图二次筛选后使用","medium","matched","natsu_(sinker8c)","natsu; sinker8; sinker8c; 夏; 母乳ち〜ずの夏; 母乳ち～ずの夏","https://danbooru.donmai.us/artists/118939"
"237","@kurokawa (kurokashi655)","25","±5","日系/二次元角色向，具体风格待核实","需结合样图二次筛选后使用","medium","matched","kurokawa_(kurokashi655)","asydeaserola; 抹茶馬; kurokawa; kurokashi655; 黒かわ; asyde; assi_kurokawa","https://danbooru.donmai.us/artists/89241"
"238","@chengongzi123","25","±3","华语圈日系插画、细腻上色、角色向","少女、古风/幻想、头像、角色立绘","medium","matched","chengongzi123","沉","https://danbooru.donmai.us/artists/217575"
"239","@kurohal","25","±5","日系/二次元角色向，具体风格待核实","需结合样图二次筛选后使用","medium","matched","kurohal","kuroda_eri; kuroeri4222; ゑ; 黒田ヱリ","https://danbooru.donmai.us/artists/71552"
"240","@ooyama imo","25","±5","日系/二次元角色向，具体风格待核实","需结合样图二次筛选后使用","medium","matched","ooyama_imo","cksgD; maimu_(oimo_no_sato); okayamateikoku0105; おおやまいも; お芋の里; まいむ; オベリスクライスセンター; 大山芋","https://danbooru.donmai.us/artists/115701"
"241","@roina (effj7473)","25","±5","日系/二次元角色向，具体风格待核实","需结合样图二次筛选后使用","medium","matched","roina_(effj7473)","6177NANAiRO7716; Fdcanime; ROiNA","https://danbooru.donmai.us/artists/206161"
"242","@momokumo","25","±5","萌系日系、圆润可爱、明亮柔和","萌系少女、头像、日常、小清新","medium","matched","momokumo","Salfish_Laboratory; cloud7053; cloud7054; iv6klsn6; ki_momokumo; kimomokumo; momokumo_; natu-kanade; richard; richard_viii; richardottavo; se_rurabo; selfishlaboratory; selrabo; serurabo; user_zpza8473; xHk5aIGW52A; りちゃーど8.5; セ_ルラボ; セルラボ; リチャードⅷ世; 桃クモ; 桃雲; 樹_桃クモ","https://danbooru.donmai.us/artists/34846"
"243","@kodama (mmt uf)","25","±5","日系/二次元角色向，具体风格待核实","需结合样图二次筛选后使用","medium","matched","kodama_(mmt_uf)","木霊","https://danbooru.donmai.us/artists/161396"
"244","@fangxiang cuoluan","25","±3","华语圈日系插画、细腻上色、角色向","少女、古风/幻想、头像、角色立绘","low","not_found","","",""
"245","@furukawa raku","25","±5","日系/二次元角色向，具体风格待核实","需结合样图二次筛选后使用","medium","matched","furukawa_raku","ふるかわ楽; huruikawara","https://danbooru.donmai.us/artists/329493"
"246","@gawako","25","±5","日系/二次元角色向，具体风格待核实","需结合样图二次筛选后使用","medium","matched","gawako","gawako_; gawako_koremo; gigzagu123; nanaponi; nannsou; segu; がわこ; これもまたがわこ; ななぽに","https://danbooru.donmai.us/artists/318260"
"247","@hikawayunn","25","±5","日系/二次元角色向，具体风格待核实","需结合样图二次筛选后使用","medium","matched","hikawayunn","HikawaYunn; cafe--mocha; narrensch1ff; 内陆帝国; 唤祢蓑鸦; 壓縮蜜獾; 小栗橒; 橒","https://danbooru.donmai.us/artists/307985"
"248","@keita (o4510 9chi9)","25","±5","日系/二次元角色向，具体风格待核实","需结合样图二次筛选后使用","medium","matched","keita_(o4510_9chi9)","けいた; けーた","https://danbooru.donmai.us/artists/337315"
"249","@yuuyuu (yuko)","25","±5","日系/二次元角色向，具体风格待核实","需结合样图二次筛选后使用","medium","matched","yuuyuu_(yuko)","遊ゆう","https://danbooru.donmai.us/artists/16267"
"250","@ao (ao0 0nemu)","25","±4","日系/二次元角色向，具体风格待核实","需结合样图二次筛选后使用","medium","matched","ao_(ao0_0nemu)","IXIX_zzz; ao; ao0_0nemu; chiyu_(ixix_zzz); don_(macaron_panda13); ludorora; rondo_4ys; ᴄʜɪʏᴜ; ▫️; ◡̈; ろん; 論","https://danbooru.donmai.us/artists/157802"
"251","@wucanming","25","±5","华语圈日系插画、细腻上色、角色向","少女、古风/幻想、头像、角色立绘","medium","matched","wucanming","南斯拉夫的蜥蜴","https://danbooru.donmai.us/artists/164424"
"252","@uraki (tetsu420)","25","±3","日系/二次元角色向，具体风格待核实","需结合样图二次筛选后使用","medium","matched","uraki_(tetsu420)","ayano_urasuke; tetsu420; uraki; ursk420; うらき; 彩乃浦助; 浦助","https://danbooru.donmai.us/artists/58225"
"253","@miyako (naotsugu)","25","±4","日系/二次元角色向，具体风格待核实","需结合样图二次筛选后使用","medium","matched","miyako_(naotsugu)","22naotugu; miyako; miyako_(naotugu9119); miyakon22; naotsugu; naotugu9119; sapphire_hotaruika; tugim0ku22; みやこ; みやこん; サファイアほたるいか; ブレーク中の私; マス夕一; 二十二都直嘘; 宮今; 宮今直亜; 宮家; 宮近布直亜; 直亜; 舂春; 都; 都:underage:","https://danbooru.donmai.us/artists/82320"
"254","@bekkankou","25","±4","经典 galgame 原画、柔和少女、清爽色","校园、恋爱游戏、少女立绘","high","matched","bekkankou","rocket_yarou; べっかんこう","https://danbooru.donmai.us/artists/10165"
"255","@hekoningyou (waraningyou)","25","±3","日系/二次元角色向，具体风格待核实","需结合样图二次筛选后使用","medium","matched","hekoningyou_(waraningyou)","emi_ningyo; hasu_ningyou; hasuningyou; heko_ningyou; heko_ningyou_(wara_ningyou); hekoningyou; kirikabu; lotusdoll; lotusdoll2; shouningyou; waraningyou_(hekoningyou); waraningyou_(lotusdoll2); whichdoll; わらにんぎょう; ヘコ人形; ヘコ人形＋; ヘコ＝ツン; 笑人形; 蓮人形","https://danbooru.donmai.us/artists/112369"
"256","@kana (kanna runa0620)","25","±4","日系/二次元角色向，具体风格待核实","需结合样图二次筛选后使用","medium","matched","kana_(kanna_runa0620)","kanro_149","https://danbooru.donmai.us/artists/361415"
"257","@sage (mami1210)","24","±6","日系/二次元角色向，具体风格待核实","需结合样图二次筛选后使用","medium","matched","sage_(mami1210)","sage_(mami); sage_(artist)","https://danbooru.donmai.us/artists/39593"
"258","@nashidrop","24","±4","日系/二次元角色向，具体风格待核实","需结合样图二次筛选后使用","medium","matched","nashidrop","San_P.dro; san_phidr0; sanphidro","https://danbooru.donmai.us/artists/208596"
"259","@hoe satsuki","24","±5","日系/二次元角色向，具体风格待核实","需结合样图二次筛选后使用","medium","matched","hoe_satsuki","ほえ; 皐月","https://danbooru.donmai.us/artists/37639"
"260","@psd (psdgai)","24","±3","高饱和日系、精细厚涂、角色表现强","视觉冲击、同人主视觉、头像","medium","matched","psd_(psdgai)","PSD; PSDgai; PSD·改; PSlenD1; PSlenDy; bakuwater; sanqipai; zigong_shengshui; 厌世。; 子贡圣水","https://danbooru.donmai.us/artists/30531"
"261","@d futagosaikyou","24","±6","日系/二次元角色向，具体风格待核实","需结合样图二次筛选后使用","medium","matched","d_futagosaikyou","双子最高; 双子最強; futagosaigou","https://danbooru.donmai.us/artists/197557"
"262","@vamos mk","24","±5","日系/二次元角色向，具体风格待核实","需结合样图二次筛选后使用","medium","matched","vamos_mk","Vamos_MK","https://danbooru.donmai.us/artists/342100"
"263","@emia wang","24","±4","华语圈日系插画、细腻上色、角色向","少女、古风/幻想、头像、角色立绘","medium","matched","emia_wang","_eminya; emia; emia_(emia); エミニャ; エミニャ@新刊通販中; 艾米婭; 艾米婭Emia","https://danbooru.donmai.us/artists/79600"
"264","@man (trance)","24","±5","日系/二次元角色向，具体风格待核实","需结合样图二次筛选后使用","medium","matched","man_(trance)","iimAn; man835046","https://danbooru.donmai.us/artists/15116"
"265","@desaku","24","±5","日系/二次元角色向，具体风格待核实","需结合样图二次筛选后使用","medium","matched","desaku","チームj; デ作","https://danbooru.donmai.us/artists/60257"
"266","@niku (ni23ku)","24","±4","日系/二次元角色向，具体风格待核实","需结合样图二次筛选后使用","medium","matched","niku_(ni23ku)","1356400321niku; laorou355; ni18ku; ni2233ku; ni23ku; 种田去了的肉; 肉","https://danbooru.donmai.us/artists/177661"
"267","@ashiomi masato","24","±6","日系/二次元角色向，具体风格待核实","需结合样图二次筛选后使用","medium","matched","ashiomi_masato","mushiringo; tokihara_masato; アシオミマサト; 時原マサト","https://danbooru.donmai.us/artists/17910"
"268","@kuziaaizuk","24","±5","日系/二次元角色向，具体风格待核实","需结合样图二次筛选后使用","low","not_found","","",""
"269","@shirotsumekusa","24","±3","日系/二次元角色向，具体风格待核实","需结合样图二次筛选后使用","medium","matched","shirotsumekusa","crazy_clover_club; crazycloverclub; 城爪草","https://danbooru.donmai.us/artists/5113"
"270","@mashima saki (mashimasa)","24","±4","日系/二次元角色向，具体风格待核实","需结合样图二次筛选后使用","medium","matched","mashima_saki_(mashimasa)","mashimasaki; mashimasa; 志麻しのじ; しのじ; shinoo23; turu0923; turuma; マシマサキ; mashima_saki; shinooji","https://danbooru.donmai.us/artists/105241"
"271","@neko (yanshoujie)","24","±4","萌系日系、圆润可爱、明亮柔和","萌系少女、头像、日常、小清新","medium","matched","neko_(yanshoujie)","NEKO摸鱼提督; neko; neko@c94_金-東シ42a; neko@リコリスつづく; neko@ルネサンス; neko_4cfantasy; neko♨_re.th; neko♨_リコリコ大好き; neko♨金曜日_-東シ42a; yans; yanshoujie; 四色綺想; 猫","https://danbooru.donmai.us/artists/77253"
"272","@rock zinc","24","±5","日系/二次元角色向，具体风格待核实","需结合样图二次筛选后使用","medium","matched","rock_zinc","Rock_zinc; Yan锌","https://danbooru.donmai.us/artists/293541"
"273","@monokuro (sekahate)","23","±4","日系/二次元角色向，具体风格待核实","需结合样图二次筛选后使用","medium","matched","monokuro_(sekahate)","mono__chrome; mono_chro; mono_chrome_02; monochrome210; モノクロ","https://danbooru.donmai.us/artists/18993"
"274","@mikan (chipstar182)","23","±5","日系/二次元角色向，具体风格待核实","需结合样图二次筛选后使用","medium","matched","mikan_(chipstar182)","mikan.; mikan_41; nekomanma_(chipstar182); ねこまんま; みかん; みかん。; 喰い断","https://danbooru.donmai.us/artists/77145"
"275","@yukizawa xueze","23","±4","日系/二次元角色向，具体风格待核实","需结合样图二次筛选后使用","medium","matched","yukizawa_xueze","Yukizawa雪泽; kuo_(kuo114514); yukizawa-xueze; yukizawa_inkiz; 嘘鲲蛞蛞子; 蛞","https://danbooru.donmai.us/artists/204181"
"276","@kodamari","23","±4","日系/二次元角色向，具体风格待核实","需结合样图二次筛选后使用","medium","matched","kodamari","all_the_way*; i0ymrqm6; kodapeta; rekodapeta; suamaumai; こだまり; こだまり＠アカ移動先ここです","https://danbooru.donmai.us/artists/31001"
"277","@rednian","23","±4","日系/二次元角色向，具体风格待核实","需结合样图二次筛选后使用","low","not_found","","",""
"278","@bellhenge","23","±4","日系/二次元角色向，具体风格待核实","需结合样图二次筛选后使用","medium","matched","bellhenge","","https://danbooru.donmai.us/artists/118982"
"279","@rezodwel","23","±4","日系/二次元角色向，具体风格待核实","需结合样图二次筛选后使用","medium","matched","rezodwel","","https://danbooru.donmai.us/artists/169014"
"280","@mebaru","23","±4","日系/二次元角色向，具体风格待核实","需结合样图二次筛选后使用","medium","matched","mebaru","mebarunrun; mebarunrun_*; mebarunrunrun; riwano; めばる","https://danbooru.donmai.us/artists/105863"
"281","@liren44","23","±6","日系/二次元角色向，具体风格待核实","需结合样图二次筛选后使用","medium","matched","liren44","tips硬汉; user_teez2453; 鲤人; 鲤人-","https://danbooru.donmai.us/artists/203815"
"282","@epic armageddon","23","±4","幻想/暗调倾向、厚涂或概念感","暗黑奇幻、氛围角色、概念图","medium","matched","epic_armageddon","えぴ丼; エピック; エピック(マチ針; エピック・アルマゲドン","https://danbooru.donmai.us/artists/126779"
"283","@usoneko","23","±6","萌系日系、圆润可爱、明亮柔和","萌系少女、头像、日常、小清新","medium","matched","usoneko","hontoinu; うそねこ","https://danbooru.donmai.us/artists/9579"
"284","@yxyyxy","23","±6","日系/二次元角色向，具体风格待核实","需结合样图二次筛选后使用","medium","matched","yxyyxy","zaizaiwangwang","https://danbooru.donmai.us/artists/110076"
"285","@overlord jc","23","±6","幻想/暗调倾向、厚涂或概念感","暗黑奇幻、氛围角色、概念图","medium","matched","overlord_jc","jc; jc-of-the-redflame; john_crayton; overlordjc","https://danbooru.donmai.us/artists/52092"
"286","@borgbutler","23","±4","幻想/暗调倾向、厚涂或概念感","暗黑奇幻、氛围角色、概念图","medium","matched","borgbutler","borgbutler; ボーグ研究所","https://danbooru.donmai.us/artists/284989"
"287","@boris (noborhys)","23","±4","日系/二次元角色向，具体风格待核实","需结合样图二次筛选后使用","medium","matched","boris_(noborhys)","boris; boris_noborhys; borish; borisn; borisnoborhys; borisu; hyper_wavlog; noborhys; noborisu; shoushin03; shoushin04; shoushin_(borish); shoushin_(borisu); shoushin_(hyper_wavlog); shoushin_(shoushin04); ぼりす; サボりーマン昇進さん太郎:アップップライジング; ノボリス; ボリス; 昇進","https://danbooru.donmai.us/artists/99650"
"288","@rokuwata tomoe","23","±6","日系/二次元角色向，具体风格待核实","需结合样图二次筛选后使用","medium","matched","rokuwata_tomoe","6thbody; enhance_heart_plus; tomoe_rokuwata; ろくわたともえ; エンハンスハートプラス; 六羽田トモエ; 六羽田共","https://danbooru.donmai.us/artists/7568"
"289","@fre (haochilanzuo)","23","±5","日系/二次元角色向，具体风格待核实","需结合样图二次筛选后使用","medium","matched","fre_(haochilanzuo)","fre; fre_(zang_xue_huangcheng); zang_xue; zang_xue_huangcheng; zang_xue_huangcheng_(fre); zangxue_huangcheng; 葬; 葬雪荒城; 葬雪荒城被占用","https://danbooru.donmai.us/artists/98482"
"290","@chuunioniika","23","±4","日系/二次元角色向，具体风格待核实","需结合样图二次筛选后使用","medium","matched","chuunioniika","spike_wible; oniika; pew_puu_palace; オニイカ","https://danbooru.donmai.us/artists/176150"
"291","@boppin","23","±4","日系/二次元角色向，具体风格待核实","需结合样图二次筛选后使用","medium","matched","boppin","BoppinDrawing; Boppin_Drawing; KousakaHO; OkamiKurisu; OokamiKuri","https://danbooru.donmai.us/artists/204126"
"292","@ametaro (ixxxzu)","23","±4","日系/二次元角色向，具体风格待核实","需结合样图二次筛选后使用","medium","matched","ametaro_(ixxxzu)","ixxxizuzu; ixxxzu; ᴀᴍᴇ; あめたろ; 飴たろ","https://danbooru.donmai.us/artists/292463"
"293","@heirou","23","±4","日系/二次元角色向，具体风格待核实","需结合样图二次筛选后使用","medium","matched","heirou","heiro_man; heiroo; heiroo_(kaz-r); heyro; heyro_; heyror; kaz-r; kaz_r; へいろー","https://danbooru.donmai.us/artists/56951"
"294","@aka ume","23","±4","日系/二次元角色向，具体风格待核实","需结合样图二次筛选后使用","medium","matched","aka_ume","あかうめ; akaume; あか_うめ; あおうめ; あお_うめ; aoume; ao_ume; あおいうめ; あおい_うめ; aoi_ume; 梅吉; umekichi_(umetey); 梅亭２号店; umetei_nigou_ten; umetei_nigou-ten; umetey_no.2_store; 梅亭; umetey","https://danbooru.donmai.us/artists/4534"
"295","@munakata (sekimizu kazuki)","23","±4","日系/二次元角色向，具体风格待核实","需结合样图二次筛选后使用","medium","matched","munakata_(sekimizu_kazuki)","sekimizukazuki; ムナカタ","https://danbooru.donmai.us/artists/99118"
"296","@nijihashi sora","23","±4","日系/二次元角色向，具体风格待核实","需结合样图二次筛选后使用","medium","matched","nijihashi_sora","sola_no_crayon; sora_from_france; そら_from_france; にじはしそら","https://danbooru.donmai.us/artists/84087"
"297","@kakaon","23","±6","日系/二次元角色向，具体风格待核实","需结合样图二次筛选后使用","medium","matched","kakaon","Kuroyui; kakaon_; linlinlindo; n503isakura; okaka; おかか; かかおん; カカオ; 現在故障中; 黒結","https://danbooru.donmai.us/artists/155947"
"298","@ebibi chiriri","23","±4","萌系日系、圆润可爱、明亮柔和","萌系少女、头像、日常、小清新","medium","matched","ebibi_chiriri","海老地理","https://danbooru.donmai.us/artists/231184"
"299","@unacchi (nyusankin)","23","±4","日系/二次元角色向，具体风格待核实","需结合样图二次筛选后使用","medium","matched","unacchi_(nyusankin)","nyusankin101071; unacchi; unajimaru; うなっち; うなっち🔞ぱうっち; うなハウス","https://danbooru.donmai.us/artists/57719"
"300","@sido (slipknot)","23","±4","日系/二次元角色向，具体风格待核实","需结合样图二次筛选后使用","medium","matched","sido_(slipknot)","sido魂; sidotama; sido菌; sido爆弾; sido蝉; sido禅; sidoんこ; slipknot345; cotodamajp","https://danbooru.donmai.us/artists/51346"